{"cameraMode":{"drawMode":0,"name":"Shaded","section":"Shading Mode"},"sceneLighting":true,"audioPlay":false,"sceneViewState":{"m_AlwaysRefresh":false,"showFog":true,"showSkybox":true,"showFlares":true,"showImageEffects":true,"showParticleSystems":true,"showVisualEffectGraphs":true,"m_FxEnabled":true},"in2DMode":false,"pivot":{"x":7.656576633453369,"y":-1.3324729204177857,"z":-10.786806106567383},"rotation":{"x":-0.24162596464157105,"y":-0.31376251578330996,"z":0.08288600295782089,"w":-0.9144794344902039},"size":6.622250080108643,"orthographic":false}